avg_rating,image,price,title,total_review
4.8,https://m.media-amazon.com/images/I/61PnHlc0HCL.__AC_SY445_SX342_QL70_ML2_.jpg,229.08,"Apple iPad (9th Generation): with A13 Bionic chip, 10.2-inch Retina Display, 64GB, Wi-Fi, 12MP front/8MP Back Camera, Touch ID, All-Day Battery Life – Silver","54,201"
4.6,https://m.media-amazon.com/images/I/61uA2UVnYWL.__AC_SX300_SY300_QL70_ML2_.jpg,379.00,"2022 Apple iPad (10.9-inch, Wi-Fi, 64GB) - Blue (Renewed)",201
4.6,https://m.media-amazon.com/images/I/51mV0IWAZwL.__AC_SX300_SY300_QL70_ML2_.jpg,245.00,"2021 Apple iPad (10.2-inch, Wi-Fi, 64GB) - Space Gray (Renewed)","1,481"
4.4,https://m.media-amazon.com/images/I/61kXsWp8PTS.__AC_SX300_SY300_QL70_ML2_.jpg,509.84,"Apple iPad Pro 12.9-inch, 3rd Generation - Wi-Fi, 256GB - Space Gray (Renewed)",791
3.8,https://m.media-amazon.com/images/I/61Ep+3Q8OiL._AC_SX300_SY300_.jpg,178.00,"Apple iPad Air 2 MH2N2LL/A (64GB, Wi-Fi + Cellular, Silver) (Renewed)",14
4.6,https://m.media-amazon.com/images/I/61hw0TH86iL.__AC_SY300_SX300_QL70_ML2_.jpg,210.00,"Apple iPad Pro 9.7-inch (128GB, Wi-Fi, Space Gray) 2016 Model - (Renewed)",446
4.2,https://m.media-amazon.com/images/I/81i8w9a-mAL.__AC_SX300_SY300_QL70_ML2_.jpg,339.97,Apple iPad Pro 12-inch - 128GB 4G - Silver (Renewed),185
4.5,https://m.media-amazon.com/images/I/71GAOoEmAVL.__AC_SX300_SY300_QL70_ML2_.jpg,119.99,"YESTEL 2023 Newest Android 13 Tablet 10 inch Tablet with 12GB RAM + 128GB ROM,1TB Expand,2.0GHz Octa-Core Processor,IPS HD Display,Support 5G WiFi,GPS,Bluetooth 5.0 with Keyboard,Mouse,Case - Red",133
4.2,https://m.media-amazon.com/images/I/711PUJF1UuL.__AC_SX300_SY300_QL70_ML2_.jpg,399.00,Apple iPad Pro 10.5in - 512GB Wifi - 2017 Model - ROSE GOLD (Renewed),58
4.4,https://m.media-amazon.com/images/I/31MguHOCNFL._QL70_ML2_.jpg,7.99,"Leather Pencil Holder for Apple iPad (2nd/1st Generation), Adjustable Pencil Case for iPad, Tablet Stylus Holder, Pencil Cover for Apple, Pencil Cover for Remarkable 2 (Vintage Brown)",12
4.6,https://m.media-amazon.com/images/I/61PiZUej2kL.__AC_SX300_SY300_QL70_ML2_.jpg,259.01,"SAMSUNG 2020 Galaxy Tab A7 10.4’’ (2000x1200) TFT Display Wi-Fi Tablet Bundle, Qualcomm Snapdragon 662, 3GB RAM, Bluetooth, Dolby Atmos Audio, Android 10 OS w/Tigology Accessories (64GB, Gray)","1,858"
3.8,https://m.media-amazon.com/images/I/81bVMI0KAkL.__AC_SX300_SY300_QL70_ML2_.jpg,649.00,"2021 Apple iPad Pro (11-inch, Wi-Fi + Cellular, 128GB) - Silver (Renewed Premium)",27
4.4,https://m.media-amazon.com/images/I/71l-5sqod2L.__AC_SX300_SY300_QL70_ML2_.jpg,169.99,"YESTEL Android 13 Tablet 11 Inch Display,16GB RAM+256GB ROM,Octa-Core Processor,8600mAh Large Battery,2000 * 1200 Pixels,GPS/ 5G WiFi/Bluetooth/with Case-Grey",71
4.2,https://m.media-amazon.com/images/I/615P256c4oL.__AC_SX300_SY300_QL70_ML2_.jpg,459.95,"2022 Apple iPad Air (10.9-inch, Wi-Fi, 64GB) - Starlight (Renewed)",51
4.1,https://m.media-amazon.com/images/I/71FXxKYveeL.__AC_SX300_SY300_QL70_ML2_.jpg,127.99,"ITDULCET Kids Tablet 10 inch Android 13, 4GB RAM+64GB ROM 8000mAh Toddler Tablet for Children Teen, 2.4G & 5G WiFi, Dual Camera, 10.1'' IPS HD Screen Family Link Parent Control, 2-Year Warranty",209
4.3,https://m.media-amazon.com/images/I/514CNHVs7NL.__AC_SX300_SY300_QL70_ML2_.jpg,244.55,"Mid 2017 Apple 10.5 inches iPad Pro (256GB, Wi-Fi + 4G LTE, Space Gray) (Renewed)",208
4.3,https://m.media-amazon.com/images/I/51uLGzzTObL.__AC_SX300_SY300_QL70_ML2_.jpg,156.08,"Apple iPad mini 4 (32GB, Wi-Fi + Cellular, Space Gray) (Renewed)",131
3.7,https://m.media-amazon.com/images/I/718WQXfp8kL.__AC_SX300_SY300_QL70_ML2_.jpg,37.81,Tablet for Toddlers Tablet Android Kids Tablet with WiFi Dual Camera 1GB 32GB Storage 1024 x 600 Touch Screen Parental Control Mode Google Playstore YouTube Netflix for Boys Girls Android 10,"5,393"
3.8,https://m.media-amazon.com/images/I/711rrJFauOL.__AC_SX300_SY300_QL70_ML2_.jpg,59.99,"Tablet for Kids Tablet 10 inch with Case Included Android 11 Kids Tablets for Toddlers 2GB 32GB,Kids Learning Toddler Tablet with WiFi Dual Camera IPS Touch Screen Parental Control YouTube Netflix",116
3.6,https://m.media-amazon.com/images/I/61SP0CGir8L.__AC_SX300_SY300_QL70_ML2_.jpg,111.99,"JXCNSNW 10.1"" Inch Android Tablet, 4G LTE Dual SIM, 8GB RAM 128GB Storage,Supports 1TB Micro Card, 1920 1200 Full HD IPS Touchscreen,Dual Camera, WiFi/WLAN/Bluetooth/GPS,TYD-109 (Black, 128 GB)",16
4.3,https://m.media-amazon.com/images/I/71m0mHGqgZL.__AC_SY300_SX300_QL70_ML2_.jpg,9.99,Tablet 10.1 inch | Android 11 4G Phone Call Phablet Dual Sim Card Slot | 4GB+64GB+512 Expandable Storage | Octa-Core Processor WiFi Tablet | Tablet Case Keyboard Wireless Mouse Stylus Included (Gray),"2,251"
4,https://m.media-amazon.com/images/I/61A8Q5SaEQL.__AC_SX300_SY300_QL70_ML2_.jpg,79.99,Kids Tablet 10 inch Tablet for Kids with Case Included 3GB 64GB Toddler Tablet with WiFi Android 11.0 Dual Camera IPS Touch Screen Kids Software Installed Parental Control YouTube Google Play Store,940
4.3,https://m.media-amazon.com/images/I/61333bImvXL.__AC_SX300_SY300_QL70_ML2_.jpg,197.00,"Apple iPad Pro Tablet (128GB, LTE, 9.7in) Rose Gold (Renewed)",135
4.5,https://m.media-amazon.com/images/I/61C-PyCaZNL.__AC_SX300_SY300_QL70_ML2_.jpg,184.00,"Apple iPad Pro Tablet (128GB, Wi-Fi, 9.7in) Gray (Renewed)","2,300"
4.1,https://m.media-amazon.com/images/I/61kUnVnEUTL.__AC_SX300_SY300_QL70_ML2_.jpg,159.97,Apple iPad Mini 4 32gb Gold WiFi + Cellular Unlocked (Renewed),83
5,https://m.media-amazon.com/images/I/61QsbfyDdfL.__AC_SY300_SX300_QL70_ML2_.jpg,329.97,"Apple iPad Pro (128GB, Wi-Fi + Cellular, Gold) - 12.9"" Display (Refurbished)",1
5,https://m.media-amazon.com/images/I/71l0Styp1uL.__AC_SX300_SY300_QL70_ML2_.jpg,829.00,"2018 Apple iPad Pro (12.9-inch, Wi-Fi + Cellular, 1TB) - Silver (Renewed Premium)",3
4.5,https://m.media-amazon.com/images/I/71njEkHy69L.__AC_SX300_SY300_QL70_ML2_.jpg,124.99,"VNEIMQN Tablet for Kids, 10 Inch Kids Tablet, 4GB+64GB Android 13, 8-Core CPU, WiFi 6, 12H Battery, Parental Control 1280 * 800 HD Display Cameras, Blue",75
4.4,https://m.media-amazon.com/images/I/71HCIiKPphL.__AC_SX300_SY300_QL70_ML2_.jpg,199.99,"Newest 2023 Android 12 Tablet, 128GB+16(8+8 Expand)GB/512GB Expandable, Octa-Core Tablet with 5G WiFi, 8000mAh Battery, 10.1 inch Tablet with 21MP Camera, Tablet with Keyboard, Bluetooth, Mouse, Case",123
4.1,https://m.media-amazon.com/images/I/71An-c5txcL.__AC_SX300_SY300_QL70_ML2_.jpg,69.99,"TJD Android 11 Tablet, 10.1 Inch 128GB ROM 512GB Expandable Tablets, Quad-Core Processor Google GMS Tablet, 6000mAh Fast Charge, 8MP Dual Camera, IPS HD Touchscreen WiFi Bluetooth",180
4.2,https://m.media-amazon.com/images/I/71MhUZFdqNL.__AC_SX300_SY300_QL70_ML2_.jpg,423.89,"APPLE MP6G2LL/A iPad Pro with Wi-Fi 256GB, 12.9in, Space Grey (Renewed)",8
4,https://m.media-amazon.com/images/I/71yCC6wXcgL.__AC_SY300_SX300_QL70_ML2_.jpg,9.99,"Tablet 2 in 1 Tablets 10 inch Android 11 Tablet Set with Keyboard Case Mouse Stylus Film, 4GB+64GB Tablets 10.1"" Tab 1280*800 HD Touch Screen, 8MP Dual Camera Games Wi-Fi Bluetooth Tableta PC Black.",982
4.3,https://m.media-amazon.com/images/I/617UtctYt-L.__AC_SX300_SY300_QL70_ML2_.jpg,358.99,"Apple iPad Pro Wi-Fi and Cellular 512 GB with 11-Inch Liquid Retina Display, A12X Bionic Chip and Smart HDR Cameras (Space Gray, Renewed)",10
4.3,https://m.media-amazon.com/images/I/71K-M4WTmNL.__AC_SX300_SY300_QL70_ML2_.jpg,99.98,"Apple MGL12LL/A iPad Air 2 Gray 9.7-Inch Retina Display, 16GB, Wi-Fi (Renewed)","1,118"
4.3,https://m.media-amazon.com/images/I/716tV8ZcJ7L.__AC_SX300_SY300_QL70_ML2_.jpg,159.97,"Apple iPad Mini 4, 64GB with Retina Display, Wi-Fi + Cellular, Space Gray (Renewed)",483
4.5,https://m.media-amazon.com/images/I/51zUCyv7LSL.__AC_SX300_SY300_QL70_ML2_.jpg,474.97,"2018 Apple iPad Pro (12.9-inch, Wi-Fi, 64GB) - Silver (Renewed)",67
4.2,https://m.media-amazon.com/images/I/61SIrllA15L.__AC_SX300_SY300_QL70_ML2_.jpg,,"Kids Tablet 7 Toddler Tablet for Kids, 64GB Tablet for Toddler Learning, Children Tablet with WiFi, Camera, IPS Screen, Parental Control, Pre-Installed Apps, for Boys Girl（Pink）",42
4,https://m.media-amazon.com/images/I/71XyLM7CeaS.__AC_SX300_SY300_QL70_ML2_.jpg,40.99,"Kids Tablet 7 inch Tablet for Kids Wifi Kids Tablets 32G Android 10 Dual Camera Educational Games Parental Control, Toddler Tablet with Kids Software Pre-Installed Kid-Proof YouTube Netflix (Pink)","2,242"
4.6,https://m.media-amazon.com/images/I/71itWCghugL.__AC_SX300_SY300_QL70_ML2_.jpg,124.99,"2023 Kids Tablet, 10 inch Android 13 Tablets for Kid Toddler 12GB+128GB 6000mAh Tablet with Shockproof Case, 5G WiFi, Google Kids Space Parental Control, 1280 * 800 HD Touchscreen Dual Camera -Green",42
4.2,https://m.media-amazon.com/images/I/61Tgw4Aeq3L.__AC_SY300_SX300_QL70_ML2_.jpg,124.00,"Apple iPad Air 2 128GB Factory Unlocked (Wi-Fi + Cellular 4G LTE, Space Gray) Newest Version (Renewed)",280
4.5,https://m.media-amazon.com/images/I/51Ke4dPP-kL.__AC_SX300_SY300_QL70_ML2_.jpg,178.80,"Apple 9.7in iPad (6th Generation, 128GB, Wi-Fi + 4G LTE, Gold) (Renewed)",140
4.3,https://m.media-amazon.com/images/I/61tT3QC5DaL.__AC_SX300_SY300_QL70_ML2_.jpg,139.97,"Apple iPad Air 2 MH1J2LL/A (128GB, Wi-Fi, Gold) NEWEST VERSION (Renewed)",573
3.9,https://m.media-amazon.com/images/I/71M6R9m1laL.__AC_SX300_SY300_QL70_ML2_.jpg,67.99,"10.1 '' Android Toddler Tablet 2GB 32GB for Kids APP Preinstalled & Parent Control Kids Learning Education Tablet WiFi Camera,Netflix YouTube Hands-Free Watching(2022 Release),Blue",485
3.8,https://m.media-amazon.com/images/I/71Z2YOb9WXL.__AC_SY300_SX300_QL70_ML2_.jpg,49.99,Kids Tablet 7inch Tablet for Kids Android 10 Toddler Tablet Eye Protection 32GB Kids APP Preinstalled Learning Tablet WiFi Education Dual Cameras with Kid-Proof Case YouTube Netflix Google Play Store,"1,872"
4.3,https://m.media-amazon.com/images/I/61aAhjPMnzL.__AC_SX300_SY300_QL70_ML2_.jpg,144.97,"Apple iPad Air 2 WiFi Cellular (32GB, Silver Cellular)(Renewed)",140
4.5,https://m.media-amazon.com/images/I/81NrkWJMSNL.__AC_SX300_SY300_QL70_ML2_.jpg,84.99,"SAMSUNG Galaxy A7 Lite 32GB 8.7-Inch Wi-Fi Tablet (Silver, Renewed)",556
4.5,https://m.media-amazon.com/images/I/71jtGND-FSL.__AC_SX300_SY300_QL70_ML2_.jpg,,"SEBBE Tablet 10 Inch Android 13 Tablet PC 12GB RAM + 128GB ROM TF 1TB Octa-Core 2.0 GHz, Google GMS | Bluetooth 5.0 | 5G WiFi | 6000mAh | 1280 * 800 | 5MP+8MP, Tablet with Keyboard and Mouse Blue",86
4,https://m.media-amazon.com/images/I/71iCsEpE-xL.__AC_SX300_SY300_QL70_ML2_.jpg,119.99,"Apple MD786LL/A 32GB A7 1.3GHz 9.7 inches, Black (Renewed)",119
4.1,https://m.media-amazon.com/images/I/711WhVPJRqL._AC_SY300_SX300_.jpg,139.99,"All-new Amazon Fire HD 10 Kids Pro tablet- 2023, ages 6-12 | Bright 10.1"" HD screen | Slim case for older kids, ad-free content, parental controls, 13-hr battery, 32 GB, Happy Day",15
4.5,https://m.media-amazon.com/images/I/71JUZ-kVW-L.__AC_SX300_SY300_QL70_ML2_.jpg,140.02,"2023 Tablet 10.1 Inch 2 in 1 Android Tablet with keyboard Octa-Core Processor 128GB Storage 1TB Expandable, 13+8MP Dual Camera, Newest Tablets PC with Case Mouse Stylus Support 5G WiFi, IPS FHD Screen",280
4.2,https://m.media-amazon.com/images/I/81itYxKtJCL.__AC_SX300_SY300_QL70_ML2_.jpg,99.97,Apple iPad Air 2 16GB WiFi 2GB iOS 10 9.7in Tablet - Space Gray (Renewed),563
4.4,https://m.media-amazon.com/images/I/71miOExATKL.__AC_SX300_SY300_QL70_ML2_.jpg,229.99,Apple iPad Pro 10.5in - 256GB Wifi - 2017 Model - Silver (Renewed),145
4.2,https://m.media-amazon.com/images/I/71OJoeH54pL.__AC_SX300_SY300_QL70_ML2_.jpg,49.99,"Relndoo Kids Tablet, 7 inch Android 11 Tablet for Kids, 3GB RAM 32GB ROM, Toddler Tablet with Bluetooth, WiFi, Parental Control, Dual Camera, GMS, Shockproof Case, Kids App Pre-Installed",434
4.2,https://m.media-amazon.com/images/I/71TQ8dkHZ3L.__AC_SX300_SY300_QL70_ML2_.jpg,159.99,"Tablet with Keyboard, Android 2 in 1 Tablets, 2023 Newest 10.1 inch Tablet HD, 4GB RAM 64GB ROM 256GB Expandable, Octa-Core Processor, WiFi, GPS, Bluetooth, Google Certified Tablet PC",984
3.7,https://m.media-amazon.com/images/I/71gJ64dnf5L.__AC_SX300_SY300_QL70_ML2_.jpg,39.99,"Kids Tablet 7 inch Tablet for Kids 64GB Toddler Tablet with Case Software Installed, Kids Learning Tablet with WiFi for Boys Girls, Android Tablet with Dual Camera Parental Control YouTube Netflix",85
4.2,https://m.media-amazon.com/images/I/61QdKIjvewL.__AC_SX300_SY300_QL70_ML2_.jpg,70.00,"Lenovo Tab M8 (3rd Gen) 8"" HD (1280x800) IPS 350nits Glossy, Touch, MediaTek Helio P22T up to 2.3 GHz, 8 Cores, 3GB RAM, 32GB eMMC, Bluetooth, WiFi, Android 11, Iron Grey, EAT Cloth",101
4.1,https://m.media-amazon.com/images/I/81tDBjzvcWL.__AC_SX300_SY300_QL70_ML2_.jpg,9.99,"10 Inch Android Tablet pc, 64GB ROM 128GB Expand, Octa-Core Tablets, IPS HD Touch Screen,Google Certificated Wi-Fi Tablets, G+G, 8MP Camera, Long Battery Life,Silver-(with Leather case)…","1,078"
4,https://m.media-amazon.com/images/I/71R5PgmN-fL.__AC_SX300_SY300_QL70_ML2_.jpg,9.99,"Tablet 10 inch Android Tablets, Android 11 Google Certified Tablet with Case Included, 3GB RAM 64GB ROM 512GB Expand, WiFi Tablet 10"" IPS HD Touch Screen Dual Camera Long Battery Life",51
3.5,https://m.media-amazon.com/images/I/81SaTeu7+bL._AC_SX300_SY300_.jpg,52.71,"Android Tablet, 10 inch Android 12 Tablet, 32GB ROM, 512GB Expand Android Tablet with 8000mAh Battery, Dual Camera, WiFi, Bluetooth, IPS HD Touch Screen, Google GMS Certified",520
4.1,https://m.media-amazon.com/images/I/61KCj7ZjbgL.__AC_SY300_SX300_QL70_ML2_.jpg,109.97,"Apple iPad Air 2 16GB Wi-Fi 9.7in, Silver (Renewed) (Renewed)",252
4.5,https://m.media-amazon.com/images/I/71kHlBdEqWL.__AC_SX300_SY300_QL70_ML2_.jpg,89.99,"ALLDOCUBE Android 13 Tablet, 1200 * 1920 in-Cell 8.4 inch Tablet, 8-core Gaming Tablet, 2.4GHz/5GHz WiFi Tablet, 12GB(4+8)+64GB, iPlay 50 Mini Support 4G LTE, BT5.0 5MP/5MP Camera Tablet for Kids",94
4.7,https://m.media-amazon.com/images/I/7184cuAiMzL.__AC_SX300_SY300_QL70_ML2_.jpg,159.98,"Tablet 10.1 Inch Android 12 Tablets 2023 Latest Android Tablet 128GB ROM+16GB RAM (8+8 Virtual), 2 in 1 Tablet with Keyboard, Powerful Octa-Core+13MP Camera, 1TB TF Expandable, FHD WiFi Tablet PC",61
4.4,https://m.media-amazon.com/images/I/614mkvkYdmL.__AC_SX300_SY300_QL70_ML2_.jpg,489.33,"2018 Apple iPad Pro (12.9-inch, Wi-Fi + Cellular, 256GB) - Space Gray (Renewed)",286
3.8,https://m.media-amazon.com/images/I/61KIendhj0S.__AC_SX300_SY300_QL70_ML2_.jpg,87.98,"Samsung Galaxy Tab A7 Lite 8.7"" (2021) 32GB WiFi+LTE Unlocked Tablet - Gray (Renewed)",39
4.4,https://m.media-amazon.com/images/I/71RQMHbQTHL.__AC_SX300_SY300_QL70_ML2_.jpg,186.00,"New Microsoft Surface Go 2 - 10.5"" Touch-Screen - Intel Pentium - 4GB Memory - 64GB - Wifi - Platinum (Latest Model)",850
4.6,https://m.media-amazon.com/images/I/71uAQvHFRUL.__AC_SY445_SX342_QL70_ML2_.jpg,,"Apple Smart Keyboard Folio: iPad Keyboard case for iPad Pro 12.9‑inch (3rd, 4th, 5th, 6th Generation), Two Viewing Angles, Front and Back Protection, British English - Black","2,980"
4.2,https://m.media-amazon.com/images/I/91X91LF4xxL.__AC_SX300_SY300_QL70_ML2_.jpg,319.97,"Apple iPad Pro (32GB, Wi-Fi, Space Gray) 12.9in Tablet (Renewed)",409
4.5,https://m.media-amazon.com/images/I/61d5w87Zz-L.__AC_SX300_SY300_QL70_ML2_.jpg,189.00,"Apple iPad with WiFi, 128GB, Gold (2018 Model) (Renewed)","1,102"
4.8,https://m.media-amazon.com/images/I/61516n58ymL.__AC_SX300_SY300_QL70_ML2_.jpg,219.00,Apple iPad 9.7-inch (6th Gen) A1954 (GSM Unlocked + Verizon) - 128GB / Silver (Renewed),9
3.8,https://m.media-amazon.com/images/I/61wYl1RtGOL.__AC_SY300_SX300_QL70_ML2_.jpg,79.98,"10 inch Android 11 Tablet,RAM 4GB ROM 64 GB with 128GB Expand, Octa Core Tablet,Google Certificated Tablet with IPS HD Touch Screen, 8MP Camera, 2.4G WiFi, BT, Long Battery Life(with Leather Case)",319
4.2,https://m.media-amazon.com/images/I/61+8BUgRyzL._AC_SY300_SX300_.jpg,98.00,"Apple iPad Air 2 MH2M2LL/A (64GB , Wi-Fi + 4G, Space Gray) VERSION (Renewed)",450
4.4,https://m.media-amazon.com/images/I/51Ke4dPP-kL.__AC_SX300_SY300_QL70_ML2_.jpg,165.00,"Apple iPad 9.7in 6th Generation WiFi + Cellular (32GB, Gold) (Renewed)",42
4.3,https://m.media-amazon.com/images/I/61deD07VqIL.__AC_SX300_SY300_QL70_ML2_.jpg,210.00,"2019 Apple iPad Air 3rd Gen (10.5-inch, Wi-Fi + Cellular, 64GB) - Space Gray (Renewed)",155
4,https://m.media-amazon.com/images/I/71xGW9-XZOL.__AC_SX300_SY300_QL70_ML2_.jpg,49.99,"Kids Tablet, 10 Inch Tablet for Kids, Android 12, 2+32GB(SD to 128GB), 1280x800 IPS HD Display, Parental Controls, Kid Contents Educational Tablet, Dual Camera, Shockproof Case with Stand, Pink",62
3.9,https://m.media-amazon.com/images/I/71-fR0GrBKL.__AC_SX300_SY300_QL70_ML2_.jpg,89.99,"2023 Newest Android 13 Tablet 10 Inch, 12GB RAM+128GB ROM/1TB Expandable Tablet PC, 2 in 1 Tablets with Keyboard, Quad-Core 2.0GHz CPU HD Screen, Google Certified 5G WiFi 6 BT 5.0, 8MP Camera Tableta",93
4.4,https://m.media-amazon.com/images/I/71cYMKoRqfL.__AC_SX300_SY300_QL70_ML2_.jpg,226.00,"Apple iPad Air 2 64GB, Wi-Fi and Cellular (Unlocked), 9.7inch Space Gray (Renewed)",72
4.5,https://m.media-amazon.com/images/I/71BVyi-KKKL.__AC_SX300_SY300_QL70_ML2_.jpg,154.13,"ALLDOCUBE Android 13 Tablet，16GB (8+8) RAM 256GB ROM 512GB Expandable Android Tablet，Helio G99 8-Core CPU,1920×1200 IPS in-Cell 8.4 inch Tablet iPlay 50 Mini Pro，5000mAh，5MP/13MP，4G LTE",91
4.3,https://m.media-amazon.com/images/I/51iiT0F+lHL._AC_SY300_SX300_.jpg,124.97,Apple Renewed iPad Air 2 - 64GB - Gold (Renewed),889
4.5,https://m.media-amazon.com/images/I/81I7brvPPeL.__AC_SX300_SY300_QL70_ML2_.jpg,219.00,Apple iPad Air 2 9.7in 64GB Cellular Unlocked + WiFi Tablet - Space Gray / Black - MH2M2LLAUS-cr (Renewed),62
4.5,https://m.media-amazon.com/images/I/61zxS-GzjZL._AC_SY300_SX300_.jpg,84.99,"Amazon Fire HD 8 Plus tablet, 8” HD Display, 64 GB, 30% faster processor, 3GB RAM, wireless charging, (2022 release), Gray","2,738"
4.3,https://m.media-amazon.com/images/I/61kXsWp8PTS.__AC_SX300_SY300_QL70_ML2_.jpg,454.99,"2018 Apple iPad Pro (12.9-inch, Wi-Fi, 64GB) - Space Gray (Renewed)",597
4.1,https://m.media-amazon.com/images/I/71AmYCt9RvL.__AC_SX300_SY300_QL70_ML2_.jpg,86.99,"Tablet for Kids Tablet 10 inch with Case Included, Tablet for Toddlers Tablet 10 inch Children Tablets for Kids Android Tablet 64GB with WiFi Dual Camera Learning Games for Boys Girls",70
4.3,https://m.media-amazon.com/images/I/91QlrgIeLOL.__AC_SX300_SY300_QL70_ML2_.jpg,226.00,"Apple iPad Pro Tablet (128GB, Wi-Fi, 9.7in) Rose (Renewed)",741
3.9,https://m.media-amazon.com/images/I/71mOfUpkasL.__AC_SX300_SY300_QL70_ML2_.jpg,9.99,"Tablet with Keyboard, 2 in 1 Tablet, 6GB+128GB, 1TB Expand, Android 13 Tablet, 10 inch Tablet with Case, Mouse, Stylus, 8000mAh Battery, 2.4G/5G WiFi, GPS, Google Certified Tablet PC",42
4,https://m.media-amazon.com/images/I/71SS022CM8L.__AC_SX300_SY300_QL70_ML2_.jpg,89.95,"NOBKLEN Kids Tablet 10 Inch, Android 13, 4GB+64GB, 8-Core CPU, WiFi 6, 12H Battery Life, Parental Control, 1280 * 800 HD Display, Dual Cameras, Shockproof Case, Pre-Installed Educational Apps",747
4.2,https://m.media-amazon.com/images/I/61jlDVIFlyL.__AC_SY300_SX300_QL70_ML2_.jpg,179.00,"Apple iPad Air 2, 16GB, 4G + Wi-Fi - Gold (Renewed)",149
4.5,https://m.media-amazon.com/images/I/51D3B+8L7DL._AC_SY300_SX300_.jpg,799.99,"Microsoft Surface Pro 9 (2022), 13"" 2-in-1 Tablet & Laptop, Thin & Lightweight, Intel 12th Gen i5 Fast Processor for Multi-Tasking, 8GB RAM, 256GB Storage with Windows 11, Forest",518
4.4,https://m.media-amazon.com/images/I/51oP7rWVsML.__AC_SX300_SY300_QL70_ML2_.jpg,199.97,"Apple iPad Pro 10.5in with ( Wi-Fi + Cellular ) - 64GB, Space Gray (Renewed)",345
3.8,https://m.media-amazon.com/images/I/71LKw4wnk+L._AC_SY300_SX300_.jpg,57.11,YINOCHE Kids Tablet 10 inch Toddler Tablet Tablet for Kids WiFi Tablet for Toddlers Android Kids Tablets for Kids with Dual Camera 32GB Children's Tablet Touchscreen Parental Control YouTube (Pink),"1,251"
3.9,https://m.media-amazon.com/images/I/718N62+jU7S._AC_SY300_SX300_.jpg,53.95,"PRITOM Android Tablet 10 inch, M10, 2 GB RAM, 32 GB Android 10.0 Tablet, 10.1 inch IPS HD Display, GPS, FM, Quad-Core Processor, Wi-Fi (M10 Black)","2,904"
4.6,https://m.media-amazon.com/images/I/615fmgTgXVL.__AC_SX300_SY300_QL70_ML2_.jpg,249.00,"2019 Apple iPad 7th Gen (10.2 inch, Wi-Fi + Cellular, 128GB) Silver (Renewed)",42
3.6,https://m.media-amazon.com/images/I/61MItOfv8OL.__AC_SX300_SY300_QL70_ML2_.jpg,41.99,"Kids Tablet 7"" Android Toddler Tablet for kids 32GB Wifi Learning Tablet with Parent Control, Kid App Preinstalled, Educational games, Set time limits, Netflix, Youtube, ages 3-14 Boy Girl, Blue",56
3.8,https://m.media-amazon.com/images/I/61nH2tTyQBL.__AC_SX300_SY300_QL70_ML2_.jpg,13.99,"Phone and Tablet Holder for Concept 2 Rowing Machine, Adjustable Tablet Mount Made for C2 Model C&D Rower ONLY, Compatible with Tablets & Phones & iPad Up to 11” Screen Size",66
4.5,https://m.media-amazon.com/images/I/610Wf0OGU5L.__AC_SX300_SY300_QL70_ML2_.jpg,129.99,IPAD AIR 2 WI-FI 64GB GRAY (Renewed),799
4.4,https://m.media-amazon.com/images/I/819s1ozKCzL.__AC_SX300_SY300_QL70_ML2_.jpg,109.98,"Android Tablet, 10 Inch Android 12 Tablet, 8GB RAM 128GB ROM, 1TB Expand, Android Tablet with 5G WiFi, 4G/LTE, 8000 mAh Battery, Dual Camera, Bluetooth 5.0, FHD IPS Touch Screen, GPS, GMS Certified",266
4.5,https://m.media-amazon.com/images/I/61zxS-GzjZL._AC_SY300_SX300_.jpg,53.12,"Amazon Fire HD 8 Plus tablet, 8” HD Display, 32 GB, 30% faster processor, 3GB RAM, wireless charging, (2022 release), Gray","2,722"
4.4,https://m.media-amazon.com/images/I/81DbUJoVJRL.__AC_SX300_SY300_QL70_ML2_.jpg,99.99,"VNEIMQN Tablet for Kids, 10 Inch Kids Tablet, Android 13, 4GB+64GB, 8-core CPU,WiFi, 8000mAh,1280 * 800 HD Display, Cameras, Parental Control, Ages 3-12",45
4.4,https://m.media-amazon.com/images/I/71CjAUqXGsL.__AC_SX300_SY300_QL70_ML2_.jpg,169.97,"Apple iPad Mini 4, 128GB, Silver - WiFi (Renewed)",770
4.4,https://m.media-amazon.com/images/I/61pKdiWVerL.__AC_SX300_SY300_QL70_ML2_.jpg,279.00,"2019 Apple iPad Air (10.5-inch, WiFi + Cellular, 64GB) - Silver (Renewed Premium)",41
,https://m.media-amazon.com/images/I/71x33YRv7VL.__AC_SX300_SY300_QL70_ML2_.jpg,169.99,"TCL TAB 10 Gen 2, 10.4"" Wi-Fi Android Tablet 128GB, 2K Full HD Screen, 6000mAh Battery, Android 13, Slim Design, 2023 Release, US Version, Space Gray",
4.4,https://m.media-amazon.com/images/I/91QlrgIeLOL.__AC_SX300_SY300_QL70_ML2_.jpg,175.00,"Apple iPad Pro Tablet (32GB, Wi-Fi, 9.7') Rose Gold (Renewed)",632
4.4,https://m.media-amazon.com/images/I/61eBeJnqocL.__AC_SX300_SY300_QL70_ML2_.jpg,159.98,"Apple iPad Mini 4, 128GB, Gold - WiFi (Renewed)","1,211"
4.5,https://m.media-amazon.com/images/I/711TIYoxKRL.__AC_SX300_SY300_QL70_ML2_.jpg,269.97,"Apple iPad Mini (Wi-Fi + Cellular, 256GB) - Space Gray (Renewed)",428
4.7,https://m.media-amazon.com/images/I/51jhjmMB4aL.__AC_SX300_SY300_QL70_ML2_.jpg,259.00,Apple iPad 10.2 Inch (2019) Wi-Fi + Cellular 32 GB - Silver (Renewed),18
4.1,https://m.media-amazon.com/images/I/51nJoadBAEL.__AC_SX300_SY300_QL70_ML2_.jpg,150.00,"Apple iPad mini 4 (16GB, Wi-Fi, Silver) (Refurbished)",164
4.1,https://m.media-amazon.com/images/I/61HbsYlwaHL.__AC_SX300_SY300_QL70_ML2_.jpg,249.94,"2019 Apple iPad 7th Gen (10.2 inch, Wi-Fi + Cellular, 128GB) Gold (Renewed)",73
4.8,https://m.media-amazon.com/images/I/71ammbDB5EL.__AC_SY445_SX342_QL70_ML2_.jpg,,"Apple 2020 iPad Air (10.9-inch, Wi-Fi, 256GB) - Space Gray (4th Generation)","23,823"
4.5,https://m.media-amazon.com/images/I/71xqBIIQ7IL.__AC_SX300_SY300_QL70_ML2_.jpg,158.39,"【2023 Newest Tablet】Android 12 Tablet with Keyboard, 16(8+8)GB RAM 128GB ROM 1TB Expand Tablets 10 inch, 2.4G/5G WiFi Tablet Android, Octa-Core 1920 * 1200 IPS Display, 13MP Camera 7000mAh GPS Black",314
4.3,https://m.media-amazon.com/images/I/61D7UxJYIES.__AC_SX300_SY300_QL70_ML2_.jpg,116.88,"Samsung Galaxy Tab A7 Lite 8.7"" (2021, WiFi + Cellular) 32GB 4G LTE Tablet & Phone (Makes Calls) GSM Unlocked, International Model w/US Charging Cube - SM-T225 (Silver, LTE+WiFi)","1,095"
4.4,https://m.media-amazon.com/images/I/61ERvP278-L.__AC_SX300_SY300_QL70_ML2_.jpg,549.99,"2022 Apple iPad Air (10.9-inch, Wi-Fi, 256GB) - Space Gray (Renewed)",462
3.8,https://m.media-amazon.com/images/I/81NDLuOpMIL.__AC_SX300_SY300_QL70_ML2_.jpg,69.99,"CWOWDEFU Tablet 10 inch with Case Android 11 Tabletas 3GB RAM 32GB Storage Touchscreen Tablets 10.1 Inch Ax WiFi 6 Tablet PC, 6000mAh (Black)",712
4,https://m.media-amazon.com/images/I/61x1jpBFvZL.__AC_SX300_SY300_QL70_ML2_.jpg,69.99,"Android Tablet, 10.1 Inch Android 12 Tablet with 8000mAh Battery, 4GB RAM 64GB ROM, 1TB Expand, Google GMS Certified, HD Screen, Dual Camera, WiFi, Bluetooth",31
4.5,https://m.media-amazon.com/images/I/61y-9Uk3D1L._AC_SY300_SX300_.jpg,34.99,"Certified Refurbished Fire HD 10 tablet, 10.1"", 1080p Full HD, 32 GB, (2021 release), Black","6,161"
4.2,https://m.media-amazon.com/images/I/71azHrOTVzL.__AC_SX300_SY300_QL70_ML2_.jpg,39.99,"ApoloMedia Kids Tablet, 10-inch HD Glass Display, Android 13 Versatile Tablet for Kids with 32GB Storage, 5000mAh Battery, Dual Cameras, Bluetooth, Google Kids Space, EVA Shockproof Case (Blue)",4
4.5,https://m.media-amazon.com/images/I/71L+DGdHyWL._AC_SY300_SX300_.jpg,199.97,"2017 Apple iPad Pro (10.5-inch, Wi-Fi, 64GB) - Space Gray (Renewed)","1,288"
,https://m.media-amazon.com/images/I/61rZfB80TlL.__AC_SX300_SY300_QL70_ML2_.jpg,359.99,"SGIN 10 Inch Tablets, Android 12 Tablet, 2GB RAM 64GB ROM, 1280 * 800 Pixels Display, 5000mAh, WiFi only, Tablet PC, Dual Camera, Google GMS Certified, Butterfly Handle Yellow",
4.5,https://m.media-amazon.com/images/I/61hrLLTA4BL.__AC_SX300_SY300_QL70_ML2_.jpg,195.00,"Apple iPad Pro 10.5in (2017) 64GB, Wi-Fi - Silver (Renewed)",272
3.7,https://m.media-amazon.com/images/I/71BYhQ+lTuL._AC_SX300_SY300_.jpg,176.39,"Microsoft Surface Pro 3 (128 GB, Intel Core i5) (Renewed)",912
4.4,https://m.media-amazon.com/images/I/41KNMcGP-JL.__AC_SX300_SY300_QL70_ML2_.jpg,170.97,Apple iPad Mini 4 128GB WiFi 7.9in Tablet - Silver (Renewed),7
4.5,https://m.media-amazon.com/images/I/61xjxjB23VL.__AC_SY300_SX300_QL70_ML2_.jpg,106.58,"Apple iPad with WiFi, 32GB, Silver (2017 Model) (Renewed)",52
4.2,https://m.media-amazon.com/images/I/61V2zcrZcgL.__AC_SY300_SX300_QL70_ML2_.jpg,124.44,"Apple Ipad Air 2 64GB Factory Unlocked (Space Gray, Wi-Fi + Cellular 4G) Newest Version (Renewed)",795
4.4,https://m.media-amazon.com/images/I/614mkvkYdmL.__AC_SX300_SY300_QL70_ML2_.jpg,559.97,iPad Pro3 12.9in 512GB Gray 4G,174
4.2,https://m.media-amazon.com/images/I/61Rjge5oR1L.__AC_SX300_SY300_QL70_ML2_.jpg,69.99,"Samsung Galaxy Tab A 8.0"" (2019, WiFi Only) 32GB, 5100mAh Battery, Dual Speaker, SM-T290, International Model (Black) (Renewed)",260
4.4,https://m.media-amazon.com/images/I/61PBkx5SMhL.__AC_SY300_SX300_QL70_ML2_.jpg,160.00,Apple IPad Air 2 WI-FI 64GB Space Gray (Renewed),"2,642"
4.4,https://m.media-amazon.com/images/I/71nJxwi2gYL.__AC_SX300_SY300_QL70_ML2_.jpg,499.00,"Google Pixel Tablet with Charging Speaker Dock - Android Tablet with 11-Inch Screen, Smart Home Controls, and Long-Lasting Battery - Porcelain/Porcelain - 128 GB",213
4.5,https://m.media-amazon.com/images/I/41cRwtHyROS.__AC_SX300_SY300_QL70_ML2_.jpg,244.99,"2019 Apple iPad 7th Gen (10.2 inch, Wi-Fi + Cellular, 128GB) Space Gray (Renewed)",202
4.1,https://m.media-amazon.com/images/I/61w9uBG+CvL._AC_SY300_SX300_.jpg,149.00,"Apple iPad Air 2, 64 GB, Gold, (Renewed)","1,314"
4.1,https://m.media-amazon.com/images/I/61bwT6E61-L.__AC_SY300_SX300_QL70_ML2_.jpg,134.97,"Apple iPad Air 2, 64GB, 4G + Wi-Fi - Gold (Renewed)",236
3.8,https://m.media-amazon.com/images/I/41hrHzOSmGL.__AC_SX300_SY300_QL70_ML2_.jpg,99.97,Apple iPad Air 2 16GB Gold Wi-Fi MH0W2HC/A (Refurbished),12
5,https://m.media-amazon.com/images/I/71ON1pzqwPL.__AC_SX300_SY300_QL70_ML2_.jpg,369.00,"2017 Apple iPad Pro (12.9-inch, Wi-Fi + Cellular, 64GB) - Space Gray (Renewed Premium)",3
4.3,https://m.media-amazon.com/images/I/71TOJXChXtL.__AC_SY300_SX300_QL70_ML2_.jpg,137.99,"Lenovo Tab M10 Plus (3rd Gen) - 2022 - Long Battery Life - 10"" FHD - Front & Rear 8MP Camera - 4GB Memory - 64GB Storage - Android 12 or Later, Gray",919
3.8,https://m.media-amazon.com/images/I/710xAWkSTNL.__AC_SY300_SX300_QL70_ML2_.jpg,89.98,"2 in 1 Tablet with Keyboard Case Mouse Stylus Pen Film, 10 inch Tablet Android 11.0 Tablets PC Set, 4GB RAM+64GB ROM Tableta Computer 10.1"" IPS Screen 8MP Dual Camera WiFi BT Google Play Tab Pink/Girl",221
4.4,https://m.media-amazon.com/images/I/81nmWyBkKhL.__AC_SX300_SY300_QL70_ML2_.jpg,699.99,"2021 Apple iPad Pro (12.9-inch, Wi‑Fi, 128GB) - Space Gray (Renewed)","1,059"
4.4,https://m.media-amazon.com/images/I/61NvCdvffoL.__AC_SX300_SY300_QL70_ML2_.jpg,116.49,"Apple iPad Air 2 ( Space Gray , 32GB , WiFi + 4G ) Factory Unlocked (Renewed)",173
5,https://m.media-amazon.com/images/I/61+lvQWdZbL._AC_SY300_SX300_.jpg,739.99,"KUU Lebook Plus Detachable 2-in-1 Laptop Touchscreen Windows 11, Tablet 12.6"" with Keyboard, Core I7-1165G7 CPU 16GB RAM 512GB PCIe SSD WiFi 6, 2160×1440 FHD IPS, with Pen Metal Housing Tablet PC",1
4.3,https://m.media-amazon.com/images/I/61BFMAfv4bL.__AC_SY300_SX300_QL70_ML2_.jpg,139.00,"Apple iPad Air 2, 16GB, 4G + Wi-Fi - Space Gray (Renewed)",169
4,https://m.media-amazon.com/images/I/71ELg4ZG9eS.__AC_SX300_SY300_QL70_ML2_.jpg,148.96,"Apple iPad Mini 4, 16GB, Space Gray - WiFi + Cellular (Renewed)",112
5,https://m.media-amazon.com/images/I/61ULwAcGldL.__AC_SX300_SY300_QL70_ML2_.jpg,538.16,"2022 Apple iPad Air (10.9-inch, Wi-Fi + Cellular, 64GB) - Pink (Renewed)",1
4.1,https://m.media-amazon.com/images/I/61Nuw4Goy9S.__AC_SX300_SY300_QL70_ML2_.jpg,169.99,"Apple iPad Mini 4, 64GB, Silver - WiFi + Cellular (Renewed)",81
4,https://m.media-amazon.com/images/I/81TtgFNJrGL.__AC_SY300_SX300_QL70_ML2_.jpg,89.98,"Android Tablet, 10.1 Inch Android 12 Tablet, 6GB RAM 64GB ROM, 1TB Expand, Android Tablet with 8000mAh Battery, Dual Camera, 5G WiFi, Bluetooth, FHD IPS Touch Screen, GPS, Google GMS Certified",561
4.8,https://m.media-amazon.com/images/I/8124D1qS2UL.__AC_SY445_SX342_QL70_ML2_.jpg,"1,346.84","Apple iPad Pro 11-inch (4th Generation): with M2 chip, Liquid Retina Display, 1TB, Wi-Fi 6E, 12MP front/12MP and 10MP Back Cameras, Face ID, All-Day Battery Life – Silver","1,427"
3.8,https://m.media-amazon.com/images/I/71jDNnx0BxL.__AC_SX300_SY300_QL70_ML2_.jpg,69.02,Samsung Galaxy Tab A T307U 8.4 inches 32GB Mocha - WiFi + for AT&T (Renewed),54
3.9,https://m.media-amazon.com/images/I/614vKAkHIrL.__AC_SX300_SY300_QL70_ML2_.jpg,115.00,"Apple iPad Air 16GB Unlocked GSM 4G LTE Tablet, Space Gray (Renewed)",60
4.4,https://m.media-amazon.com/images/I/61V4AyIbnzL.__AC_SX300_SY300_QL70_ML2_.jpg,131.13,"Apple iPad Pro Tablet MLMN2LL/A 32GB WiFi 9.7in,Space Gray (Renewed)",167
4.4,https://m.media-amazon.com/images/I/91xKRosDu2L.__AC_SX300_SY300_QL70_ML2_.jpg,129.99,"Apple iPad Pro Tablet (32GB, Wi-Fi, 9.7in) Silver (Renewed)",666
4.3,https://m.media-amazon.com/images/I/61GuuXN46PL.__AC_SX300_SY300_QL70_ML2_.jpg,175.85,"Apple iPad Mini 4 Wi-Fi, 7.9in Retina Display with 2048 x 1536 Resolution, A8 Chip, Touch ID, FaceTime, Up to 10 Hours of Battery Life - 128GB - Space Gray (Renewed)",236
4.6,https://m.media-amazon.com/images/I/71IO0R9MJ9L.__AC_SX300_SY300_QL70_ML2_.jpg,259.99,"Apple iPad Mini 5th Generation (Wi-Fi + Cellular, 64GB) - Gold (Renewed)","2,197"
4.4,https://m.media-amazon.com/images/I/91rJX1GuKsL.__AC_SX300_SY300_QL70_ML2_.jpg,349.97,"Apple iPad Pro 2 12.9in (2017) 64GB, Wi-Fi - Space Gray (Renewed)",174
4.3,https://m.media-amazon.com/images/I/81cqAewulzL.__AC_SX300_SY300_QL70_ML2_.jpg,679.95,"Apple iPad Pro 2th Gen (WiFi+Cellular) - 11"" - 1TB - Space Gray - MXF12LL/A (Renewed)",291
4,https://m.media-amazon.com/images/I/61iDD3zzWKL.__AC_SY300_SX300_QL70_ML2_.jpg,131.12,"iPad Pro 9.7-inch (32GB, Wi-Fi + Cellular, Space Gray) 2016 Model (Refurbished)",35
4.5,https://m.media-amazon.com/images/I/71r8LEuR-kL.__AC_SX300_SY300_QL70_ML2_.jpg,136.99,"2018 Apple iPad (9.7-inch, Wi-Fi, 32GB) - Gold (Renewed)","1,121"
4.3,https://m.media-amazon.com/images/I/61CrgUrXHdL.__AC_SX300_SY300_QL70_ML2_.jpg,177.14,"Apple iPad Mini 4, 128GB, Space Gray - WiFi + Cellular (Renewed)","1,307"
4.1,https://m.media-amazon.com/images/I/71zeTSvp74L._AC_SY300_SX300_.jpg,,"All-new Amazon Fire 10 HD Kids tablet- 2023, ages 3-7 | Bright 10.1"" HD screen with ad-free content and parental controls included, 13-hr battery, 32 GB, Pink",22
4.5,https://m.media-amazon.com/images/I/61Fh3jpnjNL.__AC_SX300_SY300_QL70_ML2_.jpg,117.99,"Apple iPad 9.7-inch Retina Display with WIFI, 32GB, Touch ID, 2017 Mode - Space Gray (Renewed)","1,753"
4.5,https://m.media-amazon.com/images/I/71FwXieCMdL.__AC_SX300_SY300_QL70_ML2_.jpg,9.99,"Android Tablet 2 in 1 Tablet, 10 inch Android 12 Tablet 6GB+64GB with Keyboard, Tablets with Case Mouse Stylus,512GB Expandable Dual Camera, WiFi, Bluetooth, Google Certified Tablet PC(Green)",78
4,https://m.media-amazon.com/images/I/61P+QzAhV8L._AC_SY300_SX300_.jpg,134.98,"Apple iPad Mini 4, 16GB, Space Gray - WiFi (Renewed)",458
4,https://m.media-amazon.com/images/I/7189+Imy5BL._AC_SY300_SX300_.jpg,74.99,"2023 Newest Tablet with Keyboard, 10 inch 2 in 1 Tablets, Android 11 1.8Ghz Quad-Core Processor, 64GB ROM+4GB RAM+512GB Expend Tableta, Case/Mouse/Stylus/8MP Camera/6000mAh Battery/1280x800 HD Display",308
4.1,https://m.media-amazon.com/images/I/61lhitKcQlL.__AC_SY300_SX300_QL70_ML2_.jpg,205.00,"Apple iPad Air 2 MH312LL/A (128GB, Wi-Fi + Cellular, Space Gray) 2014 Model (Renewed)",198
4.4,https://m.media-amazon.com/images/I/81Hz7EvjAvL.__AC_SX300_SY300_QL70_ML2_.jpg,639.99,"2020 Apple iPad Pro (12.9-inch, Wi-Fi + Cellular, 256GB) - Space Gray (Renewed)","1,718"
3.7,https://m.media-amazon.com/images/I/716dqW96lVL.__AC_SX300_SY300_QL70_ML2_.jpg,39.99,"YOBANSE Kids Tablet, 7 inch Tablet for Kids 3GB RAM 32GB ROM Android 11.0 Toddler Tablet with Bluetooth, WiFi, GMS, Parental Control, Dual Camera, Shockproof Case, Educational, Games(Pink)","3,155"
4.5,https://m.media-amazon.com/images/I/61jcsHsFN8L.__AC_SY445_SX342_QL70_ML2_.jpg,110.59,"Apple AirPods (3rd Generation) Wireless Ear Buds, Bluetooth Headphones, Personalized Spatial Audio, Sweat and Water Resistant, Lightning Charging Case Included, Up to 30 Hours of Battery Life","13,084"
3.9,https://m.media-amazon.com/images/I/618V2OyK53L.__AC_SX300_SY300_QL70_ML2_.jpg,57.90,"PRITOM M10 10 inch Tablet - Android Tablet with 2GB RAM, 64GB ROM, 512GB Expandable, Quad-Core, HD IPS Screen, 2.0 MP + 8.0 MP Dual Camera, WiFi, Bluetooth, Stable Tablet with 6000mAh Battery","2,879"
4.3,https://m.media-amazon.com/images/I/61f-4Ah709L.__AC_SX300_SY300_QL70_ML2_.jpg,129.99,"Apple iPad Mini 4, 32GB, Space Gray - WiFi (Renewed)",331
4.3,https://m.media-amazon.com/images/I/61gKwBe8AsL.__AC_SY300_SX300_QL70_ML2_.jpg,329.97,"Apple iPad Pro (128GB, Wi-Fi + Cellular, Space Gray) 12in Tablet (Renewed)",409
4.5,https://m.media-amazon.com/images/I/714HTqZ7M-L._AC_SY300_SX300_.jpg,33.99,"Amazon Fire 7 tablet, 7” display, read and watch, under $60 with 10-hour battery life, (2022 release), 16 GB, Denim","12,404"
4.5,https://m.media-amazon.com/images/I/81a-rN2A3DS.__AC_SY445_SX342_QL70_ML2_.jpg,899.99,Apple 2021 11-inch iPad Pro Wi-Fi + Cellular 512GB - Space Gray,66
4.4,https://m.media-amazon.com/images/I/61aCFnvTEGL.__AC_SX300_SY300_QL70_ML2_.jpg,101.99,"Apple iPad Air 2 9.7-Inch, 32GB Tablet (Space Gray) (Renewed)","1,473"
4.3,https://m.media-amazon.com/images/I/41k6Bzf79AS.__AC_SX300_SY300_QL70_ML2_.jpg,128.99,"Apple iPad Mini 4, 128GB, Silver - WiFi + Cellular (Renewed)",444
4.1,https://m.media-amazon.com/images/I/6163Vqe06DL.__AC_SX300_SY300_QL70_ML2_.jpg,149.99,"Apple iPad Mini 4, 16GB, Gold - WiFi (Renewed)",336
3.7,https://m.media-amazon.com/images/I/61mjOsFlTbL.__AC_SX300_SY300_QL70_ML2_.jpg,118.00,Apple iPad Air 16GB WiFi Tablet - Space Gray (Renewed),957
4,https://m.media-amazon.com/images/I/61Vi6KEEwTL.__AC_SX300_SY300_QL70_ML2_.jpg,49.99,Kids Tablet 7 inch Toddler Tablet for Kids Edition Tablet with WiFi Dual Camera Children Tablet for Toddlers 32GB Android 10 with Parental Control Shockproof Case Google Play YouTube Netflix(Rose Red),"6,662"
4.4,https://m.media-amazon.com/images/I/61wDxPfqfJL.__AC_SX300_SY300_QL70_ML2_.jpg,129.99,"Apple iPad Air 2, 128 GB, Space Gray, (Renewed)","1,248"
4.8,https://m.media-amazon.com/images/I/81a-rN2A3DS.__AC_SY445_SX342_QL70_ML2_.jpg,949.99,Apple 2021 11-inch iPad Pro Wi-Fi + Cellular 1TB - Space Gray,"7,051"
4.6,https://m.media-amazon.com/images/I/71axL+KrZLL._AC_SY300_SX300_.jpg,174.99,"Apple iPad 9.7 with WiFi, 128GB- Gold (2017 Model) - (Renewed)",726
4.4,https://m.media-amazon.com/images/I/617UtctYt-L.__AC_SX300_SY300_QL70_ML2_.jpg,299.95,"Apple iPad Pro (11-inch, Wi-Fi, 64GB) - Space Gray (2018) (Renewed)","3,427"
4.5,https://m.media-amazon.com/images/I/61krikJxTmL.__AC_SY300_SX300_QL70_ML2_.jpg,149.99,"SAMSUNG Galaxy Tab A8 10.5” 32GB Android Tablet, LCD Screen, Kids Content, Smart Switch, Expandable Memory, Long Lasting Battery, Fast Charging, US Version, 2022, Dark Gray","19,938"
4.5,https://m.media-amazon.com/images/I/71bDp9XRdKL.__AC_SX300_SY300_QL70_ML2_.jpg,383.12,"2021 Apple iPad Mini 6 (8.3 inch, Wi-Fi, 64GB) Space Gray (Renewed)",719
4.6,https://m.media-amazon.com/images/I/51N7hQTc9TL.__AC_SX300_SY300_QL70_ML2_.jpg,119.99,"Apple iPad (5thGEneration) Wi-Fi, 128GB - Space Gray (Renewed)","3,047"
3.7,https://m.media-amazon.com/images/I/619utiOsCrL.__AC_SX300_SY300_QL70_ML2_.jpg,71.99,Apple iPad mini 7.9in WiFi 16GB iOS 6 Tablet 1stGEneration - Black & Space Gray (Renewed),"2,740"
3.9,https://m.media-amazon.com/images/I/61e2XEOJLGL.__AC_SX300_SY300_QL70_ML2_.jpg,64.39,"Lenovo Tab M8 (4th Gen) - 2023 - Tablet - Long Battery Life - 8"" HD - Front 2MP & Rear 5MP Camera - 2GB Memory - 32GB Storage - Android 12 (Go Edition) or Later,Gray",256
4.5,https://m.media-amazon.com/images/I/716NHsSc3HL._AC_SY300_SX300_.jpg,28.99,"Amazon Fire HD 8 tablet, 8” HD Display, 32 GB, 30% faster processor, designed for portable entertainment, (2022 release), Black","10,667"
4.8,https://m.media-amazon.com/images/I/61jHLgXIH4L.__AC_SY445_SX342_QL70_ML2_.jpg,134.99,Apple Magic Keyboard for 12.9-inch iPad Pro (Previous Version) - Japanese,"9,167"
4.5,https://m.media-amazon.com/images/I/61xZD3IzOqL.__AC_SX300_SY300_QL70_ML2_.jpg,9.99,"Wielio Android 12 Tablet PC 10 inch, 6GB+128GB Tablet, 1TB Expand 8 Core Android Tablets, 2.4G/5G WiFi, 1920 * 1200 IPS, 6000mAh Fast Charge, Bluetooth 5.0, GPS, Dual Camera, Parent Control",16
4.6,https://m.media-amazon.com/images/I/81+CCPJHJCL._AC_SY300_SX300_.jpg,27.99,"Amazon Fire HD 8 Kids Pro tablet- 2022, ages 6-12 | 8"" HD screen, slim case for older kids, ad-free content, parental controls, 13-hr battery, 32 GB, Rainbow Universe","4,761"
4.6,https://m.media-amazon.com/images/I/61J-lcb+zSL._AC_SY300_SX300_.jpg,163.50,"2018 Apple iPad (WiFi, 128GB) Space Gray (Renewed)","2,488"
4.7,https://m.media-amazon.com/images/I/81c+9BOQNWL._AC_SX342_SY445_.jpg,"1,195.08","Apple iPad Pro 12.9-inch (6th Generation): with M2 chip, Liquid Retina XDR Display, 512GB, Wi-Fi 6E, 12MP front/12MP and 10MP Back Cameras, Face ID, All-Day Battery Life – Space Gray","1,544"
4.5,https://m.media-amazon.com/images/I/71+qN1ewY9L._AC_SY300_SX300_.jpg,149.99,"Amazon Fire 7 Kids tablet, ages 3-7. Top-selling 7"" kids tablet on Amazon - 2022 | ad-free content with parental controls included, 10-hr battery, 32 GB, Blue","12,355"
4.2,https://m.media-amazon.com/images/I/61HUnxMOilL.__AC_SX300_SY300_QL70_ML2_.jpg,139.97,"Apple iPad Air 2 MGTY2LL/A (128GB, Wi-Fi, Silver) (Renewed)",391
4.5,https://m.media-amazon.com/images/I/51t7xD-BxyL.__AC_SX300_SY300_QL70_ML2_.jpg,130.51,"Apple iPad 9.7 with WiFi, 128GB- Space Gray (2017 Model) - (Renewed)","2,491"
4.5,https://m.media-amazon.com/images/I/61Fh3jpnjNL.__AC_SX300_SY300_QL70_ML2_.jpg,179.99,"Apple iPad 9.7in 6th Generation WiFi + Cellular (128GB, Space Gray) (Renewed)",508
4.2,https://m.media-amazon.com/images/I/51jlBM+8DgL._AC_SX300_SY300_.jpg,134.95,"Apple iPad Air 2 MH2N2LL/A (64GB , Wi-Fi + 4G, Silver) NEWEST VERSION (Renewed)",380
4.4,https://m.media-amazon.com/images/I/91HZdcADLvL.__AC_SX300_SY300_QL70_ML2_.jpg,129.99,"Apple iPad Air 2, 16GB, 4G + Wi-Fi - Silver (Renewed)",160
4.3,https://m.media-amazon.com/images/I/61pVhXiQNNL._AC_SY300_SX300_.jpg,39.99,"All-new Amazon Fire HD 10 tablet, built for relaxation, 10.1"" vibrant Full HD screen, octa-core processor, 3 GB RAM, latest model (2023 release), 32 GB, Ocean",74
4.6,https://m.media-amazon.com/images/I/71GUlLHuPoL.__AC_SX300_SY300_QL70_ML2_.jpg,109.26,"Apple 9.7in iPad (Early 2018, 32GB, Wi-Fi Only, Silver) MR7G2LL/A (Renewed)",789
4.4,https://m.media-amazon.com/images/I/819JyAfSTfL.__AC_SX300_SY300_QL70_ML2_.jpg,319.00,"Apple iPad Pro 12.9in 64GB WiFi Only, Space Grey (Renewed)","1,895"
4.4,https://m.media-amazon.com/images/I/71WpEnDZyNL.__AC_SX300_SY300_QL70_ML2_.jpg,359.95,"Apple iPad Air (10.9-inch, Wi-Fi, 64GB) - Sky Blue (Latest Model, 4th Generation) (Renewed)","2,344"
4.3,https://m.media-amazon.com/images/I/61D5coMLSjL.__AC_SY300_SX300_QL70_ML2_.jpg,95.95,Apple iPad Air 2 16GB Cellular Space Gray (Renewed),271
4.4,https://m.media-amazon.com/images/I/71troH2aUJL._AC_SY300_SX300_.jpg,89.99,"Amazon Fire Max 11 tablet, our most powerful tablet yet, vivid 11"" display, octa-core processor, 4 GB RAM, 14-hour battery life, 64 GB, Gray","3,296"
3.8,https://m.media-amazon.com/images/I/51xVpY5dI7L.__AC_SX300_SY300_QL70_ML2_.jpg,97.07,"Apple iPad with Retina Display MD513LL/A (16GB, Wi-Fi, White) 4th Generation (Renewed)",86
4.8,https://m.media-amazon.com/images/I/81J5bpGahqS.__AC_SY445_SX342_QL70_ML2_.jpg,,Apple 2021 12.9-inch iPad Pro Wi‑Fi + Cellular 128GB - Silver,"6,084"
4.4,https://m.media-amazon.com/images/I/81WWJj1RedL.__AC_SX300_SY300_QL70_ML2_.jpg,"1,799.97","2022 Apple iPad Pro (11-inch, Wi-Fi + Cellular, 2TB) - Space Gray (Renewed)",22
4.4,https://m.media-amazon.com/images/I/51oP7rWVsML.__AC_SX300_SY300_QL70_ML2_.jpg,159.99,"Apple iPad Pro 10.5in (2017) 64GB, Wi-Fi - Space Gray (Renewed)",175
,https://m.media-amazon.com/images/I/817doxCSq7S.__AC_SX300_SY300_QL70_ML2_.jpg,899.99,"2021 Apple 11-inch iPad Pro (Wi-Fi + Cellular, 2TB) - Silver (Renewed)",
4.5,https://m.media-amazon.com/images/I/61cL4Wr8iLL.__AC_SX300_SY300_QL70_ML2_.jpg,129.99,"2018 Apple iPad (Wi-Fi + Cellular, 32GB) - Space Gray (Renewed)",250
4.5,https://m.media-amazon.com/images/I/61gl0oK+GWL._AC_SY300_SX300_.jpg,149.99,"Apple iPad 9.7in 6th Generation WiFi + Cellular (32GB, Silver) (Renewed)",211
4.5,https://m.media-amazon.com/images/I/61ASxIH7nUL.__AC_SX300_SY300_QL70_ML2_.jpg,169.99,"Apple iPad with WiFi + Cellular, 128GB, Space Gray (2017 Model) (Renewed)","2,796"
4.8,https://m.media-amazon.com/images/I/61uA2UVnYWL.__AC_SY445_SX342_QL70_ML2_.jpg,345.51,"Apple iPad (10th Generation): with A14 Bionic chip, 10.9-inch Liquid Retina Display, 64GB, Wi-Fi 6, 12MP front/12MP Back Camera, Touch ID, All-Day Battery Life – Blue","7,331"
4.6,https://m.media-amazon.com/images/I/71J+y79YnCL._AC_SY300_SX300_.jpg,189.00,"2020 Apple iPad (10.2-inch, Wi-Fi, 32GB) - Space Gray (8th Generation) (Renewed)","2,884"
4.6,https://m.media-amazon.com/images/I/51dBcW+NXPL._AC_SY300_SX300_.jpg,109.77,"2017 Apple iPad (9.7-inch, Wi-Fi, 32GB) - Space Gray (Renewed)","10,944"
4.5,https://m.media-amazon.com/images/I/61gI3LyZ8yL.__AC_SX300_SY300_QL70_ML2_.jpg,169.00,"2019 Apple iPad 7th Gen (10.2 inch, Wi-Fi, 32GB) Silver (Renewed)","6,864"
4.6,https://m.media-amazon.com/images/I/71rm-Y7VDSL.__AC_SX300_SY300_QL70_ML2_.jpg,124.00,"Early 2018 Apple iPad (9.7-inch, Wi-Fi, 32GB) - Space Gray (Renewed)","3,722"
4.8,https://m.media-amazon.com/images/I/61XZQXFQeVL.__AC_SY445_SX342_QL70_ML2_.jpg,514.28,"Apple iPad Air (5th Generation): with M1 chip, 10.9-inch Liquid Retina Display, 64GB, Wi-Fi 6, 12MP front/12MP Back Camera, Touch ID, All-Day Battery Life – Space Gray","11,199"
4.5,https://m.media-amazon.com/images/I/61aeen0K1NL.__AC_SX300_SY300_QL70_ML2_.jpg,120.00,Apple iPad (2018 Model) with Wi-Fi only 32GB Apple 9.7in iPad - Space Gray (Renewed),"7,078"
